endpoint,owning_app,deprecate,port,data_logger,strollopia_website,strollopia_native,strollopia_org_setup,map_builder,strollopia_sites,strollopia_pwa,wysiwyg_editor_TESTING_ONLY,proceed,port_recommendation,map_builder_usage,strollopia_sites_usage,strollopia_pwa_usage,wysiwyg_editor_usage_TESTING_ONLY,strollopia_monitor,strollopia_api_embed,status_2026_10_08,callers_2026_10_08,review_decision,review_note
/api/health-check/,core,,,,,,,,Y,,,,,,,,,Y,,used,strollopia_sites=strollopia-sites/dashboard/app.js:378; strollopia_monitor=strollopia-monitor/gatus/config.yaml:42,keep,Un-deprecated 2026-10-08: strollopia-sites dashboard (dashboard/app.js) and strollopia-monitor poll it.
/api/user/register/,user,,,Y,,,Y,Y,,Y,Y,,,,,,,,,used,data_logger=data_logger/utils/api.js:47; strollopia_org_setup=strollopia-org-setup/tools/api_client.py:129; map_builder=map_builder/lib/authentication/register.ts:24; strollopia_sites=strollopia-sites/_template/admin.html:6350; strollopia_pwa=strollopia-pwa/utils/api.js:47,keep,
/api/user/token/,user,Y,,,,,,,,,,,,,,,,,,no-caller,,remove,Review 2026-10-08: old token login (apps use user/login/).
/api/user/profile/,user,,,Y,,,,Y,,Y,Y,,,,,,,,,used,data_logger=data_logger/utils/api.js:46; map_builder=map_builder/lib/authentication/user.ts:10; strollopia_sites=strollopia-sites/_template/admin.html:6179; strollopia_pwa=strollopia-pwa/utils/api.js:46,keep,
/api/user/profile/<int:pk>/,user,,,Y,,,,,,,,,,,,,,,,used,strollopia_sites=strollopia-sites/_template/admin.html:6369,keep,
/api/user/list/,user,,,Y,,,Y,Y,Y,Y,Y,,,,"GET populates the Users tab's admin/editor/viewer roster — /home/john/strollopia_git_hub/strollopia-sites/_template/admin.html (Users tab, item 6 of org-admin punch list)",,,,,used,data_logger=data_logger/utils/api.js:45; strollopia_org_setup=strollopia-org-setup/tools/api_client.py:139; map_builder=map_builder/lib/fetch-users.ts:14; strollopia_sites=strollopia-sites/_template/admin.html:6188; strollopia_pwa=strollopia-pwa/utils/api.js:45,keep,
/api/user/login/,user,,,Y,,,Y,Y,Y,Y,Y,,,,Login flow for both per-org and centralized (sites.strollopia.com) admin login paths,,,,,used,data_logger=data_logger/utils/api.js:31; strollopia_org_setup=strollopia-org-setup/tools/api_client.py:59; map_builder=map_builder/lib/authentication/login.ts:35; strollopia_sites=strollopia-sites/_template/admin.html:2936; strollopia_pwa=strollopia-pwa/utils/api.js:31,keep,
/api/user/logout/,user,,,,,,Y,,,,,,,,,,,,,used,strollopia_org_setup=strollopia-org-setup/tools/api_client.py:153,keep,
/api/user/password-reset/,user,,,Y,,,,Y,,Y,Y,,,POST forget-password request — /home/john/strollopia_git_hub/map_builder/lib/authentication/forget-password.ts:28,,POST forget-password request (same api.js constant as data_logger) — /home/john/strollopia_git_hub/strollopia-pwa/utils/api.js:35,POST forget-password — /home/john/strollopia_git_hub/wysiwyg_editor/lib/action.ts:123,,,used,data_logger=data_logger/utils/api.js:35; map_builder=map_builder/lib/authentication/forget-password.ts:28; strollopia_pwa=strollopia-pwa/utils/api.js:35,keep,
/api/user/password-confirm/,user,,,Y,,,,Y,,Y,Y,,,,,,,,,used,data_logger=data_logger/utils/api.js:36; map_builder=map_builder/lib/authentication/reset-password.ts:29; strollopia_pwa=strollopia-pwa/utils/api.js:36,keep,
/api/user/validate/,user,,WM,,,,,Y,,Y,Y,,"Port: add a server-side middleware (like wysiwyg_editor/middleware.ts) that calls this endpoint to validate the stored token on every admin route request, replacing any client-side-only token checks in data_logger/strollopia-pwa.",Validates auth token against current org; clears local token on 401/403 — /home/john/strollopia_git_hub/map_builder/lib/authentication/validate-token.ts:6,,,GET in Next.js middleware verifies auth token on every admin route; redirects to /login on missing token or 401 — /home/john/strollopia_git_hub/wysiwyg_editor/middleware.ts:37,,,used,map_builder=map_builder/lib/authentication/validate-token.ts:6; strollopia_sites=strollopia-sites/_template/functions/api/admin/logo.js:8,keep,
/api/user/pairing-code/generate/,user,,,Y,,,,,,,,,,,,,,,,used,data_logger=data_logger/utils/api.js:65; strollopia_pwa=strollopia-pwa/utils/api.js:65,keep,
/api/user/pairing-code/exchange/,user,,,,,Y,,,,,,,,,,,,,,used,strollopia_native=strollopia-native/utils/api.js:15,keep,
/api/user/generic-login/,user,,,,,Y,,,,,,,,,,,,,,used,strollopia_native=strollopia-native/utils/api.js:18; strollopia_sites=strollopia-sites/dashboard/app.js:23,keep,
/api/user/selector-token/exchange/,user,,,,,Y,,,,,,,,,,,,,,used,strollopia_native=strollopia-native/utils/api.js:21,keep,
/api/user/signup/,user,,,Y,,,,,,,,,,,,,,,,used,data_logger=data_logger/utils/api.js:66; strollopia_pwa=strollopia-pwa/utils/api.js:66,keep,
/api/user/verify-email/,user,,,Y,,,,,,,,,,,,,,,,used,data_logger=data_logger/utils/api.js:67; strollopia_pwa=strollopia-pwa/utils/api.js:67,keep,
/api/user/resend-verification/,user,,,Y,,,,,,,,,,,,,,,,used,data_logger=data_logger/utils/api.js:68; strollopia_pwa=strollopia-pwa/utils/api.js:68,keep,
/api/password-reset/,password_reset,,,,,,,,Y,,,,"NEW (not in Aug-17 audit) — standalone prefix mounted alongside the pre-existing /api/user/password-reset/ (same PasswordResetRequestView class, see password_reset/urls.py + user/urls.py both importing from password_reset.api_views). strollopia-sites' admin login screen uses this prefix, not the /api/user/ one — both are live, not a migration-in-progress.",,,POST forgot-password from the admin login screen — /home/john/strollopia_git_hub/strollopia-sites/_template/admin.html:6700,,,,used,data_logger=data_logger/utils/api.js:35; map_builder=map_builder/lib/authentication/forget-password.ts:28; strollopia_sites=strollopia-sites/_template/admin.html:6700; strollopia_pwa=strollopia-pwa/utils/api.js:35,keep,
/api/password-reset/confirm/,password_reset,,,,,,,,Y,,,,Same dual-mount situation as above (pairs with /api/user/password-confirm/).,,POST resets password from the emailed confirm link — /home/john/strollopia_git_hub/strollopia-sites/_template/reset-password.html:343,,,,,used,strollopia_sites=strollopia-sites/_template/reset-password.html:343,keep,
/api/content/maps/t/<uuid:token>/,content,Y,,,,,,,,,,,,,,,,,,no-caller,,stub-keep,Review 2026-10-08: future private 'anyone with the link' sharing of non-public maps (public_token is also S3 pre-render plumbing).
/api/content/maps/,content,,,Y,,,,Y,Y,Y,Y,,,,"Core map CRUD — see org-admin memory notes for the full 2026-09-08→09-16 build-out (Map Settings, Access, Areas tabs all read/write here)",,,,,used,data_logger=data_logger/utils/api.js:528; map_builder=map_builder/lib/maps/get-public-maps.ts:11; strollopia_pwa=strollopia-pwa/utils/api.js:544,keep,
/api/content/maps/<pk>/,content,,,Y,,,Y,Y,Y,Y,Y,,,,,,,,Y,used,data_logger=data_logger/utils/api.js:560; map_builder=map_builder/lib/maps/map.ts:8; strollopia_sites=strollopia-sites/_template/admin.html:3320; strollopia_pwa=strollopia-pwa/utils/api.js:576; strollopia_api_embed=strollopia-api/app/content/static/content/embed/map_widget.js:1142,keep,
/api/content/maps/<pk>/upload-image/,content,,,,,,,,,,,,NEW action (not in Aug-17 audit). Not found called in any of the 8 tracked clients this pass — grep for 'upload-image' returned zero hits outside strollopia-api itself. Possible dead/future-work action; the org-admin memory notes flag AnonPermission.has_object_permission's action-name whitelist as a likely reason a custom @action like this can 403 even when reachable — worth checking that whitelist before assuming this is simply unused.,,,,,,,no-caller,,stub-keep,Review 2026-10-08: planned work: map image (e.g. cover picture).
/api/content/maps/<pk>/regenerate-token/,content,,,,,,,,,,,,"NEW action (af51152e, 2026-09-11). Confirmed via org-admin memory: deliberately NOT surfaced in strollopia-sites' Map Access UI (public_token is internal S3 pre-render plumbing, not a visitor-facing link) — this is intentional future/internal-use, not dead code, despite zero current client callers.",,,,,,,no-caller,,stub-keep,Review 2026-10-08: future private 'anyone with the link' sharing of non-public maps (public_token is also S3 pre-render plumbing).
/api/content/pois/,content,,,Y,,,Y,Y,Y,Y,Y,,,,,,,,,used,data_logger=data_logger/utils/api.js:52; strollopia_org_setup=strollopia-org-setup/tools/generate_todo.py:81; map_builder=map_builder/lib/append-poi.ts:71; strollopia_sites=strollopia-sites/_template/admin.html:3828; strollopia_pwa=strollopia-pwa/utils/api.js:52,keep,
/api/content/pois/<pk>/,content,,,Y,,,,Y,Y,Y,Y,,,,,,,,,used,data_logger=data_logger/utils/api.js:716; strollopia_org_setup=strollopia-org-setup/tools/api_client.py:324; map_builder=map_builder/lib/delete-poi.ts:13; strollopia_sites=strollopia-sites/_template/admin.html:3710; strollopia_pwa=strollopia-pwa/utils/api.js:732,keep,
/api/content/pois/poi_slugs/,content,,,,,,,,,,,,NEW action (detail=False GET). Zero hits in any tracked client this pass — appears unused today.,,,,,,,no-caller,,stub-keep,Review 2026-10-08: planned work: could back a QR-code / slug admin page.
/api/content/pois/<pk>/transfer_poi_to_map/,content,,,,,,,,,,,,"Existing action, but per org-admin memory (2026-09-13) confirmed zero call sites in data_logger or strollopia-pwa even after this session fixed its authorization bug (e8e29f39) — still genuinely dead code on every tracked client, not just an audit gap. Low priority to port unless a client actually grows a 'move POI to another map' UI.",,,,,,,no-caller,,stub-keep,Review 2026-10-08: planned work: move a point to another map (fixed 2026-09-13; no UI yet).
/api/content/pois/<pk>/card-switch-preview/,content,,,,,,,,,Y,,,NEW action (2026-09-12). strollopia-sites only.,,GET previews the effect of switching a POI to a different LayoutCard before committing — /home/john/strollopia_git_hub/strollopia-sites/_template/admin.html:4159,,,,,used,strollopia_sites=strollopia-sites/_template/admin.html:4159,keep,
/api/content/pois/<pk>/card-switch/,content,,,,,,,,,Y,,,"NEW action, pairs with card-switch-preview above.",,POST commits a POI's LayoutCard switch — /home/john/strollopia_git_hub/strollopia-sites/_template/admin.html:4212,,,,,used,strollopia_sites=strollopia-sites/_template/admin.html:4212,keep,
/api/content/poi-engagement/,content,,,,,,,,,Y,,,"Was flagged deprecate=Y in the Aug-17 audit — WRONG as of this pass. Backend has real list()/retrieve() plus 4 action endpoints (POI usage analytics + ratings, DONE 2026-09-12/13 per org-admin memory). Un-deprecating.",,GET (filtered by ?owning_map=) powers the Points list's per-POI stats panel and the map-wide engagement summary — /home/john/strollopia_git_hub/strollopia-sites/_template/admin.html:3570,,,,,used,strollopia_sites=strollopia-sites/_template/admin.html:3570,keep,
/api/content/poi-engagement/<pk>/,content,,,,,,,,,,,,"Retrieve — no direct client call found this pass (the sites admin uses the list endpoint filtered by map, not per-POI retrieve); likely reachable but unexercised. Not recommending deprecation given the sibling list endpoint's proven live use.",,,,,,Y,used,strollopia_api_embed=strollopia-api/app/content/static/content/embed/map_widget.js:279,keep,
/api/content/poi-engagement/<pk>/add-rating/,content,,,,,,,,,,,,"NEW action. Zero client callers found anywhere, INCLUDING strollopia-api's own embed widget (map_widget.js) — grepped directly, only record-view (below) is actually called there. This looks like deliberate future work: the sites admin's 'Expose ratings to the public' toggle (allow_public_ratings) is wired and live, but the actual visitor-facing UI to submit a rating hasn't been built into the embed widget yet. Do not flag for deprecation.",,,,,,,no-caller,,stub-keep,Review 2026-10-08: backend for a future ratings / interested / like UI in the map embed.
/api/content/poi-engagement/<pk>/increment-interested/,content,,,,,,,,,,,,"NEW action, same situation as add-rating — backend ready, no consumer yet (embed widget nor any client repo).",,,,,,,no-caller,,stub-keep,Review 2026-10-08: backend for a future ratings / interested / like UI in the map embed.
/api/content/poi-engagement/<pk>/increment-likes/,content,,,,,,,,,,,,"NEW action, same situation as add-rating/increment-interested.",,,,,,,no-caller,,stub-keep,Review 2026-10-08: backend for a future ratings / interested / like UI in the map embed.
/api/content/poi-engagement/<pk>/record-view/,content,,,,,,,,,,,,"NEW action — the one engagement action that IS wired, but from strollopia-api's own embed widget (app/content/static/content/embed/map_widget.js:279), not from any of the 8 tracked frontend-repo clients. Real, live, just not attributable to a client column in this table.",,,,,,Y,used,strollopia_api_embed=strollopia-api/app/content/static/content/embed/map_widget.js:279,keep,
/api/content/data-logger/,content,,,Y,,,,Y,,Y,Y,,,,,,,,,removed,,removed,
/api/content/data-logger/<pk>/,content,Y,,,,,,,,,,,,,,,,,,removed,,removed,
/api/content/data-logger/upload/,content,,,Y,,,,Y,,Y,,,"Resolves the Aug-17 audit's own open question ('doesn't match any registered URL, mapped here to the list endpoint since no upload/ action exists') — this action now genuinely exists in content/views_dl.py (detail=False POST). No longer a mismatch.",POST bulk-uploads captured records — /home/john/strollopia_git_hub/map_builder/lib/data-logger-submit.ts:180,,POST bulk-uploads captured records (same api.js constant as data_logger) — /home/john/strollopia_git_hub/strollopia-pwa/utils/api.js:32,,,,used,data_logger=data_logger/utils/api.js:32; map_builder=map_builder/lib/data-logger-submit.ts:180; strollopia_pwa=strollopia-pwa/utils/api.js:32,keep,
/api/content/tag-map-list/,content,Y,,,,,,,,,,,Superseded — POI/Map tagging (DONE 2026-09-11) went through properties.tags on the existing POI/Map payload contract instead of this dedicated endpoint. Confirmed via urls.py: no Tag-specific router/viewset exists anywhere. Safe to deprecate.,,,,,,,no-caller,,remove,Review 2026-10-08: superseded 2026-09-11 by tags in the POI/Map payload (properties.tags).
/api/content/tag-map-add/,content,Y,,,,,,,,,,,Same as tag-map-list/ — superseded by properties.tags.,,,,,,,no-caller,,remove,Review 2026-10-08: superseded 2026-09-11 by tags in the POI/Map payload (properties.tags).
/api/content/tag-map-remove/,content,Y,,,,,,,,,,,Same as tag-map-list/ — superseded by properties.tags.,,,,,,,no-caller,,remove,Review 2026-10-08: superseded 2026-09-11 by tags in the POI/Map payload (properties.tags).
/api/org/categories/bulk/,org,,,Y,,,,,,,,,,,,,,,,used,data_logger=data_logger/utils/api.js:38; strollopia_pwa=strollopia-pwa/utils/api.js:38,keep,
/api/org/categories/,org,,,Y,,,Y,Y,Y,Y,Y,,,,"Categories tab (2026-09-08, item 1 of org-admin punch list) — /home/john/strollopia_git_hub/strollopia-sites/_template/admin.html",,,,,used,data_logger=data_logger/utils/api.js:37; strollopia_org_setup=strollopia-org-setup/tools/api_client.py:171; map_builder=map_builder/lib/categories/subcategories.ts:9; strollopia_sites=strollopia-sites/_template/admin.html:4521; strollopia_pwa=strollopia-pwa/utils/api.js:37,keep,
/api/org/categories/<pk>/,org,,,Y,,,,Y,Y,Y,Y,,,,,,,,,used,map_builder=map_builder/lib/categories/save-category.ts:23; strollopia_sites=strollopia-sites/_template/admin.html:4769,keep,
/api/org/subcategories/,org,,,Y,,,,Y,Y,Y,Y,,"Port: data_logger/strollopia-pwa manage categories but lack subcategory create — add a subcategory POST call following map_builder/lib/categories/save-subcategory.ts:24 (highest-value target is strollopia-pwa per current roadmap, not data_logger).",POST creates new subcategory (name + owning category ID) — /home/john/strollopia_git_hub/map_builder/lib/categories/save-subcategory.ts:24,Categories tab (color + glyph picker) — strollopia-sites/_template/admin.html,,POST creates new subcategory — /home/john/strollopia_git_hub/wysiwyg_editor/app/admin/categories/actions.ts:158,,,used,data_logger=data_logger/utils/api.js:39; map_builder=map_builder/lib/categories/save-subcategory.ts:24; strollopia_sites=strollopia-sites/_template/admin.html:4803; strollopia_pwa=strollopia-pwa/utils/api.js:39,keep,
/api/org/subcategories/<pk>/,org,,,Y,,,,Y,Y,Y,Y,,"Port: pair with subcategories/ — add PUT/DELETE (map_builder/lib/categories/save-subcategory.ts:23, delete-subcategory.ts:9) — strollopia-pwa is the priority target.",PUT updates existing subcategory by pk — /home/john/strollopia_git_hub/map_builder/lib/categories/save-subcategory.ts:23; DELETE removes subcategory — /home/john/strollopia_git_hub/map_builder/lib/categories/delete-subcategory.ts:9,,,PUT updates subcategory by ID — /home/john/strollopia_git_hub/wysiwyg_editor/app/admin/categories/actions.ts:157; DELETE removes subcategory — /home/john/strollopia_git_hub/wysiwyg_editor/app/admin/categories/actions.ts:186,,,used,data_logger=data_logger/utils/api.js:40; map_builder=map_builder/lib/categories/save-subcategory.ts:23; strollopia_sites=strollopia-sites/_template/admin.html:4783; strollopia_pwa=strollopia-pwa/utils/api.js:40,keep,
/api/org/glyphs/,org,,,Y,,,,,Y,Y,,,"NEW router registration (not in Aug-17 audit at all — GlyphViewSet is list/retrieve only, backs the subcategory glyph picker library).",,GET populates the glyph picker used on subcategory create/edit — /home/john/strollopia_git_hub/strollopia-sites/_template/admin.html:4540,GET fetches glyph library for category icon picker — /home/john/strollopia_git_hub/strollopia-pwa/utils/api.js:41,,,,used,data_logger=data_logger/utils/api.js:41; strollopia_sites=strollopia-sites/_template/admin.html:4540; strollopia_pwa=strollopia-pwa/utils/api.js:41,keep,
/api/org/glyphs/<pk>/,org,,,Y,,,,,,,,,"NEW — retrieve, paired with the list endpoint above.",,,,,,,used,,keep,Used per the 2026-09-16 audit cells; not re-confirmed by the 2026-10-08 pattern search (URL built indirectly?).
/api/org/layouts/,org,,,Y,,,Y,Y,Y,Y,Y,,"Port: data_logger renders POI cards but never fetches the org layout definition — add a GET ?default=true call (map_builder/lib/layout.ts:12) — strollopia-pwa is the priority porting target now, not data_logger.",GET fetches org default layout (?default=true) for POI card field types — /home/john/strollopia_git_hub/map_builder/lib/layout.ts:12,GET powers the Layout Cards library tab (2026-09-11) — /home/john/strollopia_git_hub/strollopia-sites/_template/admin.html:2882,GET same api.js constant as data_logger — /home/john/strollopia_git_hub/strollopia-pwa/utils/api.js:42,GET fetches layout definition — /home/john/strollopia_git_hub/wysiwyg_editor/lib/layouts.ts:17,,,used,data_logger=data_logger/utils/api.js:42; strollopia_org_setup=strollopia-org-setup/tools/api_client.py:188; map_builder=map_builder/lib/layout.ts:28; strollopia_sites=strollopia-sites/_template/admin.html:3923; strollopia_pwa=strollopia-pwa/utils/api.js:42,keep,
/api/org/layouts/<pk>/,org,,,Y,,,,Y,Y,Y,,,Lower priority: only needed if data_logger/strollopia-pwa gain a layout/theme editor.,PATCH saves updated frontend_design_code by ID — /home/john/strollopia_git_hub/map_builder/lib/update-layout-design.ts:25,PATCH saves a card's design params — /home/john/strollopia_git_hub/strollopia-sites/_template/admin.html:5937,,,,,used,data_logger=data_logger/utils/api.js:43; map_builder=map_builder/lib/update-layout-design.ts:25; strollopia_sites=strollopia-sites/_template/admin.html:5937; strollopia_pwa=strollopia-pwa/utils/api.js:43,keep,
/api/org/layouts/available-templates/,org,,,,,,,,Y,,,,"NEW action (2026-09-11, Layout Cards library work). strollopia-sites only.",,GET lists cloneable starter templates for the Cards tab — /home/john/strollopia_git_hub/strollopia-sites/_template/admin.html:5736,,,,,used,strollopia_sites=strollopia-sites/_template/admin.html:5736,keep,
/api/org/layouts/clone-template/,org,,,,,,,,Y,,,,"NEW action, pairs with available-templates above.",,POST clones a starter template into the org's own card library — /home/john/strollopia_git_hub/strollopia-sites/_template/admin.html:5908,,,,,used,strollopia_sites=strollopia-sites/_template/admin.html:5908,keep,
/api/org/media-types/,org,Y,,,,,,,,,,,,,,,,,,no-caller,,remove,Review 2026-10-08: only old strollopia-scripts tools use it; switch get_public_data.py 'media' to org/layouts/ before removing (vue_proxy/editor_proxy being retired).
/api/org/media-types/<pk>/,org,Y,,,,,,,,,,,,,,,,,,no-caller,,remove,Review 2026-10-08: only old strollopia-scripts tools use it; switch get_public_data.py 'media' to org/layouts/ before removing (vue_proxy/editor_proxy being retired).
/api/org/org-maps/,org,,,Y,,,,Y,,,,,,,,,,,,used,data_logger=data_logger/utils/api.js:56; map_builder=map_builder/lib/org-maps.ts:16; strollopia_pwa=strollopia-pwa/utils/api.js:56,keep,
/api/org/org-maps/<pk>/,org,,,Y,,,,,,,,,,,,,,,,used,,keep,Used per the 2026-09-16 audit cells; not re-confirmed by the 2026-10-08 pattern search (URL built indirectly?).
/api/org/org-policy/,org,,,Y,,,Y,Y,,Y,Y,,Port: data_logger never fetches org-policy — add a GET on app load (map_builder/lib/org-policy.ts:34) — strollopia-pwa is priority.,"GET fetches org policy (anon access flags, permissions, default location) — /home/john/strollopia_git_hub/map_builder/lib/org-policy.ts:34",,GET same api.js constant as data_logger — /home/john/strollopia_git_hub/strollopia-pwa/utils/api.js:71,GET fetches org policy — /home/john/strollopia_git_hub/wysiwyg_editor/lib/org-map.ts:28,,,used,data_logger=data_logger/utils/api.js:71; strollopia_org_setup=strollopia-org-setup/tools/api_client.py:160; map_builder=map_builder/lib/org-policy.ts:34; strollopia_pwa=strollopia-pwa/utils/api.js:71,keep,
/api/org/org-policy/<pk>/,org,Y,,,,,,,,,,,,,,,,,,removed,,removed,
/api/org/route-mapper/,org,,,Y,,Y,,,,Y,,,,,,GET/POST route creation — /home/john/strollopia_git_hub/strollopia-native/utils/api.js:24,,,,used,data_logger=data_logger/utils/api.js:49; strollopia_native=strollopia-native/utils/api.js:24; strollopia_pwa=strollopia-pwa/utils/api.js:49,keep,
/api/org/route-mapper/list/,org,,,Y,,,,,,Y,,,,,,,,,,used,data_logger=data_logger/utils/api.js:50; strollopia_pwa=strollopia-pwa/utils/api.js:50,keep,
/api/org/route-mapper/<int:pk>/submit-to-library/,org,Y,,,,,,,,,,,,,,,,,,no-caller,,stub-keep,"Review 2026-10-08: strollopia-native background GPS / trail building (tracking sessions, token upload, trails, route library)."
/api/org/route-mapper/<int:pk>/,org,,,Y,,,,,,Y,,,,,,,,,,used,,keep,Used per the 2026-09-16 audit cells; not re-confirmed by the 2026-10-08 pattern search (URL built indirectly?).
/api/org/route-import/osm/,org,,,Y,,,,,,Y,,,,,,,,,,used,data_logger=data_logger/utils/api.js:51; strollopia_pwa=strollopia-pwa/utils/api.js:51,keep,
/api/org/trail/,org,Y,,,,,,,,,,,,,,,,,,no-caller,,stub-keep,"Review 2026-10-08: strollopia-native background GPS / trail building (tracking sessions, token upload, trails, route library)."
/api/org/trail/list/,org,Y,,,,,,,,,,,,,,,,,,no-caller,,stub-keep,"Review 2026-10-08: strollopia-native background GPS / trail building (tracking sessions, token upload, trails, route library)."
/api/org/trail/<int:pk>/,org,Y,,,,,,,,,,,,,,,,,,no-caller,,stub-keep,"Review 2026-10-08: strollopia-native background GPS / trail building (tracking sessions, token upload, trails, route library)."
/api/org/tracking-sessions/,org,Y,,,,,,,,,,,,,,,,,,no-caller,,stub-keep,"Review 2026-10-08: strollopia-native background GPS / trail building (tracking sessions, token upload, trails, route library)."
/api/org/tracking-sessions/<uuid:uuid>/,org,Y,,,,,,,,,,,,,,,,,,no-caller,,stub-keep,"Review 2026-10-08: strollopia-native background GPS / trail building (tracking sessions, token upload, trails, route library)."
/api/org/route-upload/,org,Y,,,,,,,,,,,,,,,,,,no-caller,,stub-keep,"Review 2026-10-08: strollopia-native background GPS / trail building (tracking sessions, token upload, trails, route library)."
/api/org/anon-lookup/,org,Y,,,,,,,,,,,,,,,,,,no-caller,,keep,Review 2026-10-08: used by strollopia-scripts get_public_data.py 'email' (anonymous-user lookup; no newer equivalent).
/api/org/poi-redirects/<str:slug>/,org,,,Y,,,,,Y,Y,Y,,Port if short-link POI navigation is needed in data_logger — strollopia-pwa already has this wired (utils/api.js:44).,,,GET resolves a short slug to a canonical poi_id — /home/john/strollopia_git_hub/strollopia-pwa/utils/api.js:44,"BROKEN call shape — calls /org/poi-redirects/${id}/${org} (org as a second path segment), but the real endpoint takes a single <str:slug> segment with org passed via ?org_domain_name= query param (confirmed by reading org/urls.py + comparing to strollopia-pwa's correct usage). Harmless only because wysiwyg_editor is testing-only, never production — /home/john/strollopia_git_hub/wysiwyg_editor/app/[id]/page.tsx:14",,,used,data_logger=data_logger/utils/api.js:44; strollopia_sites=strollopia-sites/sites/kentvillemurals-ca/functions/[slug].js:31; strollopia_pwa=strollopia-pwa/utils/api.js:44,keep,2026-10-08: kentvillemurals-ca functions/[slug].js resolves mural QR slugs through it (17 physical plaques).
/api/org/map-export/<int:pk>/,org,,,Y,,,,Y,Y,Y,,,,GET downloads .xlsx POI export — /home/john/strollopia_git_hub/map_builder/app/api/maps/export/[id]/route.ts:10,GET powers the Data Ops export button (2026-09-11) — /home/john/strollopia_git_hub/strollopia-sites/_template/admin.html:3440,,,,,used,data_logger=data_logger/utils/api.js:69; map_builder=map_builder/app/api/maps/export/[id]/route.ts:10; strollopia_sites=strollopia-sites/_template/admin.html:3440; strollopia_pwa=strollopia-pwa/utils/api.js:69,keep,
/api/org/map-import/<int:pk>/,org,,,,,,,,,Y,,,"NEW (Data Ops bulk import, 2026-09-11). strollopia-sites only — not ported to any PWA-family client yet.",,POST re-applies an edited .xlsx export row by row — /home/john/strollopia_git_hub/strollopia-sites/_template/admin.html:3492,,,,,used,strollopia_sites=strollopia-sites/_template/admin.html:3492,keep,
/api/org/route-export/<int:pk>/,org,,,Y,,,,,,Y,,,,,,,,,,used,data_logger=data_logger/utils/api.js:70; strollopia_pwa=strollopia-pwa/utils/api.js:70,keep,
/api/org/orgs/<str:org_domain_name>/,org,,,Y,,,,,Y,Y,,,,,GET/PATCH powers the Organization tab (2026-09-10) — strollopia-sites/_template/admin.html,,,,,used,strollopia_sites=strollopia-sites/_template/admin.html:5886,keep,
/api/org/site-config/,org,,,,,,,,,Y,,,"NEW (self-serve GA settings, 2026-09-13). strollopia-sites only — org_admin memory flags this as also relevant to strollopia-pwa once that surface resumes (it's a surface-agnostic org-level setting), but not yet ported.",,GET/PATCH self-serve Google Analytics tracking ID — /home/john/strollopia_git_hub/strollopia-sites/_template/admin.html:5998,,,,,used,strollopia_sites=strollopia-sites/_template/admin.html:5998,keep,
/api/org/change-domain/,org,Y,,,,,,,,,,,,,,,,,,no-caller,,stub-keep,"Review 2026-10-08: future self-serve domain change in the org admin; must reuse rename_org_domain's safeguards (re-key users, rebuild map snapshots)."
/api/media/upload/,media_pipeline,,,Y,,,Y,Y,,Y,,,,,,,,,,used,data_logger=data_logger/utils/api.js:53; strollopia_org_setup=strollopia-org-setup/tools/api_client.py:224; map_builder=map_builder/lib/upload.ts:117; strollopia_sites=strollopia-sites/_template/admin.html:4322; strollopia_pwa=strollopia-pwa/utils/api.js:53,keep,
/api/media/upload/<pk>/,media_pipeline,Y,,,,,,,,,,,,,,,,,,no-caller,,remove,Review 2026-10-08: duplicate per-file route; deletes use media/<pk>/ (MediaFileDeleteView).
/api/media/<int:pk>/,media_pipeline,,,Y,,,,,,,,,,,,,,,,used,,keep,Used per the 2026-09-16 audit cells; not re-confirmed by the 2026-10-08 pattern search (URL built indirectly?).
/api/media/quota/,media_pipeline,Y,,,,,,,,,,,,,,,,,,no-caller,,stub-keep,Review 2026-10-08: storage display in the org admin; Stripe storage tiers (backlog stripe-org-payments).
/api/media/signed-download-url,media_pipeline,,WM,,,,,Y,,,Y,,"UPDATED 2026-09-16, corrected same day after discussion with John. Media storage tier (MediaFileWrapper.is_public — public bucket/permanent URL vs private bucket/signed URL) and object visibility (Map.is_public / Poi permissions — who can load the object at all) are separate concepts, not linked in code today: MediaFileWrapper.is_public (media_pipeline/models/media_file.py:60) comes purely from a client-supplied upload flag (MediaUploadSerializer default True, media_pipeline/api/serializers.py:59-60); map_builder hardcodes is_public=""true"" always (lib/upload.ts:89); strollopia-sites/data_logger/strollopia-pwa omit it and get the True default. NOT a live bug — the pilot has every map public today, so this is fully consistent with actual current policy, and ""private object, media in public bucket"" (obscurity — URL only ever handed out via an already-gated API response) is a legitimate cheaper design, not automatically wrong. Real open item is planning the future policy once private maps/POIs exist (per-object ""pretty private"" vs ""very private"" tier) — see strollopia-api/docs/superpowers/plans/2026-09-16-media-privacy-policy.md, planning only. Separately, signed-download-url itself is still a live broken call for map_builder's production pilot (endpoint doesn't exist server-side) regardless of this policy question — that part still needs a decision before end of September.",GET fetches pre-signed S3 download URL by file_key — /home/john/strollopia_git_hub/map_builder/lib/download.ts:7,,,"GET with file_key param — /home/john/strollopia_git_hub/wysiwyg_editor/app/admin/maps/[id]/view/api.ts:108 (testing only, does not confirm the endpoint is safe to ignore)",,,broken-call,map_builder=map_builder/lib/download.ts:7,removed,"map_builder/lib/download.ts:7 calls it but the route does not exist. Build it, change map_builder, or retire map_builder."
/api/media/signed-url/,media_pipeline,,W,,,,,,,,Y,,"No longer just 'consider porting' — confirmed this URL does not exist in media_pipeline/api/urls.py at all (checked directly). wysiwyg_editor-only, testing-only, so low real-world impact, but if any future client copies this pattern it will 404.",,,,"GET with filename param, expects a pre-signed S3 upload URL + publicUploadID — /home/john/strollopia_git_hub/wysiwyg_editor/lib/upload.ts:11 — endpoint does not exist server-side",,,removed,,removed,
/api/media/media-file/<publicUploadID>/process/,media_pipeline,,W,,,,,,,,Y,,"Same situation as signed-url/ — confirmed non-existent server-side, wysiwyg_editor-only/testing-only.",,,,"PUT after S3 upload, meant to trigger processing — /home/john/strollopia_git_hub/wysiwyg_editor/lib/upload.ts:55 — endpoint does not exist server-side",,,removed,,removed,
/api/ui_support/supported-languages/,ui_support,,,Y,Y,,,Y,,Y,,,,,,,,,,used,data_logger=data_logger/utils/api.js:57; strollopia_website=strollopia_website/lib/languages.ts:5; map_builder=map_builder/lib/translations/supported-languages.ts:13; strollopia_pwa=strollopia-pwa/utils/api.js:57,keep,
/api/ui_support/supported-languages/<pk>/,ui_support,Y,,,,,,,,,,,,,,,,,,removed,,removed,
/api/ui_support/translations/,ui_support,,,Y,,,,Y,,Y,,,,,,,,,,used,data_logger=data_logger/utils/api.js:34; map_builder=map_builder/app/admin/translations/utils.ts:55; strollopia_pwa=strollopia-pwa/utils/api.js:34,keep,
/api/ui_support/translations/<pk>/,ui_support,Y,,,,,,,,,,,,,,,,,,removed,,removed,
/api/ui_support/configs/,ui_support,,,Y,,,,Y,,Y,,,,,,,,,Y,used,data_logger=data_logger/utils/api.js:33; map_builder=map_builder/lib/config-file.ts:27; strollopia_pwa=strollopia-pwa/utils/api.js:33; strollopia_api_embed=strollopia-api/app/content/static/content/embed/map_widget.js:63,keep,
/api/ui_support/configs/<pk>/,ui_support,Y,,,,,,,,,,,,,,,,,,removed,,removed,
/api/ui_support/update_config/,ui_support,,,Y,,,,,,Y,,,,,,,,,,removed,data_logger=data_logger/utils/api.js:61; strollopia_pwa=strollopia-pwa/utils/api.js:61,removed,
/api/ui_support/update_config/<pk>/,ui_support,,,Y,,,,,Y,Y,,,,,,,,,,used,,keep,Used per the 2026-09-16 audit cells; not re-confirmed by the 2026-10-08 pattern search (URL built indirectly?).
/api/ui_support/ui_data/,ui_support,,,Y,,,,,,Y,,,,,,,,,,removed,data_logger=data_logger/utils/api.js:60; strollopia_pwa=strollopia-pwa/utils/api.js:60,removed,
/api/ui_support/ui_data/<pk>/,ui_support,Y,,,,,,,,,,,,,,,,,,no-caller,,remove,Review 2026-10-08: only editor_proxy.py used it (being retired).
/api/ui_support/managed_language/,ui_support,,,Y,,,,Y,,Y,,,,,,,,,,used,data_logger=data_logger/utils/api.js:58; map_builder=map_builder/lib/translations/remove-translators-from-language.ts:16; strollopia_pwa=strollopia-pwa/utils/api.js:58,keep,
/api/ui_support/managed_language/<pk>/,ui_support,,,Y,,,,,Y,Y,,,,,,,,,,used,,keep,Used per the 2026-09-16 audit cells; not re-confirmed by the 2026-10-08 pattern search (URL built indirectly?).
/api/ui_support/trans_editor/,ui_support,,,Y,,,,Y,,Y,Y,,,,,,GET translation strings for the editor UI — /home/john/strollopia_git_hub/wysiwyg_editor/app/admin/translations/actions.ts:18,,,used,data_logger=data_logger/utils/api.js:59; map_builder=map_builder/lib/translations/update-translation.ts:13; strollopia_pwa=strollopia-pwa/utils/api.js:59,keep,
/api/ui_support/trans_manage/,ui_support,,W,,,,,,,Y,Y,,"Commented out in ui_support/urls.py (# path('trans_manage/'...)) — CONFIRMED genuinely does not exist server-side, not just unrouted. wysiwyg_editor calls it anyway (testing-only, so harmless in practice); Port if strollopia-pwa needs translator assignment management, following the same actions.ts pattern.",,,POST adds translation language/translator email list — /home/john/strollopia_git_hub/wysiwyg_editor/app/admin/translations/actions.ts:55; DELETE removes translators — actions.ts:143 — endpoint is commented out server-side, calls will 404,,,removed,,removed,
/api/ui_support/strings_upload/,ui_support,Y,,,,,,,,,,,,,,,,,,no-caller,,stub-keep,Review 2026-10-08: managing the apps' interface translations (strollopia-pwa / sites).
/api/poi/open_hours/,open_hours,Y,,,,,,,,,,,,,,,,,,no-caller,,remove,Review 2026-10-08: opening hours and address are saved with the POI itself (POI payload).
/api/poi/open_hours/<pk>/,open_hours,Y,,,,,,,,,,,,,,,,,,no-caller,,remove,Review 2026-10-08: opening hours and address are saved with the POI itself (POI payload).
/api/poi/addresses/,addresses,Y,,,,,,,,,,,,,,,,,,no-caller,,remove,Review 2026-10-08: opening hours and address are saved with the POI itself (POI payload).
/api/poi/addresses/<pk>/,addresses,Y,,,,,,,,,,,,,,,,,,no-caller,,remove,Review 2026-10-08: opening hours and address are saved with the POI itself (POI payload).
/api/sandbox/,core,Y,,,,,,,,,,,,,,,,,,no-caller,,stub-keep,"strollopia_website only calls sandbox/request and sandbox/next-available (lib/request-sandbox.ts, lib/available-number-of-sandboxes.ts). Review 2026-10-08: superadmin sandbox tools (leases, invites, demo requests) for a future superadmin page."
/api/sandbox/demo-list/,core,Y,,,,,,,,,,,,,,,,,,no-caller,,stub-keep,"Review 2026-10-08: superadmin sandbox tools (leases, invites, demo requests) for a future superadmin page."
/api/sandbox/invite-create/,core,Y,,,,,,,,,,,,,,,,,,no-caller,,stub-keep,"Review 2026-10-08: superadmin sandbox tools (leases, invites, demo requests) for a future superadmin page."
/api/sandbox/invite-list/,core,Y,,,,,,,,,,,,,,,,,,no-caller,,stub-keep,"Review 2026-10-08: superadmin sandbox tools (leases, invites, demo requests) for a future superadmin page."
/api/sandbox/invite-validate/,core,Y,,,,,,,,,,,,,,,,,,no-caller,,stub-keep,"Review 2026-10-08: superadmin sandbox tools (leases, invites, demo requests) for a future superadmin page."
/api/sandbox/next-available/,core,,,,Y,,,,,,,,,,,,,,,used,strollopia_website=strollopia_website/lib/available-number-of-sandboxes.ts:4,keep,
/api/sandbox/request/,core,,,,Y,,,,,,,,,,,,,,,used,strollopia_website=strollopia_website/lib/request-sandbox.ts:9,keep,
/api/sandbox/<int:pk>/extend/,core,Y,,,,,,,,,,,,,,,,,,no-caller,,stub-keep,"Review 2026-10-08: superadmin sandbox tools (leases, invites, demo requests) for a future superadmin page."
/api/sandbox/<int:pk>/release/,core,Y,,,,,,,,,,,,,,,,,,no-caller,,stub-keep,"Review 2026-10-08: superadmin sandbox tools (leases, invites, demo requests) for a future superadmin page."
/api/core/user_crud/,core,Y,,,,,,,,,,,,,,,,,,no-caller,,remove,"Review 2026-10-08: duplicate of user/register, user/list, user/profile and core/user/<pk>/ used by the admin pages."
/api/core/user_crud/<pk>/,core,Y,,,,,,,,,,,,,,,,,,no-caller,,remove,"Review 2026-10-08: duplicate of user/register, user/list, user/profile and core/user/<pk>/ used by the admin pages."
/api/core/user/,core,Y,,,,,,,,,,,,,,,,,,used,data_logger=data_logger/utils/api.js:48; strollopia_pwa=strollopia-pwa/utils/api.js:48,keep,List route: no caller. data_logger/pwa USER_DELETE constant is used with an id appended (= the <pk> route). Same ViewSet as the kept <pk> route.
/api/core/user/<pk>/,core,,,Y,,,,,Y,,,,,,,,,,,used,strollopia_sites=strollopia-sites/_template/admin.html:6405,keep,strollopia-sites Users tab PATCHes it (admin.html).
/api/core/org-access-grants/,core,Y,,,,,,,,,,,,,,,,,,no-caller,,stub-keep,Review 2026-10-08: pending backlog item cross-org-oversight (who may grant cross-org access); Django admin manages grants today.
/api/core/org-access-grants/<pk>/,core,Y,,,,,,,,,,,,,,,,,,no-caller,,stub-keep,Review 2026-10-08: pending backlog item cross-org-oversight (who may grant cross-org access); Django admin manages grants today.
/api/core/admin/organizations/initialize/,core,Y,,,,,,,,,,,,,,,,,,no-caller,,stub-keep,Review 2026-10-08: JSON org setup for the future self-serve sign-up form (backlog self-serve-onboarding); same code path as /yaml/.
/api/core/admin/organizations/initialize/yaml/,core,,,,,,Y,,,,,,,,,,strollopia-org-setup pipeline (org onboarding YAML),,,used,strollopia_org_setup=strollopia-org-setup/tools/api_client.py:85,keep,
/api/core/domain-available/,core,,,,Y,,,,,,,,,,,,,,,used,strollopia_website=strollopia_website/lib/create-org.ts:5,keep,
/api/core/organizations/create/,core,,,,Y,,,,,,,,,,,,,,,used,strollopia_website=strollopia_website/lib/create-org.ts:18,keep,
/api/core/contact/,core,,,,Y,,,,,,,,,,,,,,,used,strollopia_website=strollopia_website/components/contact-form.tsx:34,keep,
/api/geo/org-poly-boundary/,geo,,,Y,,,,,Y,Y,,,,,,,,,,used,data_logger=data_logger/utils/api.js:63; strollopia_pwa=strollopia-pwa/utils/api.js:63,keep,
/api/geo/org-poly-boundary/<pk>/,geo,,,Y,,,,,,,,,,,,,,,,used,,keep,Used per the 2026-09-16 audit cells; not re-confirmed by the 2026-10-08 pattern search (URL built indirectly?).
/api/geo/org-point-boundary/,geo,,,Y,,,,,Y,Y,,,,,,,,,,used,data_logger=data_logger/utils/api.js:62; strollopia_pwa=strollopia-pwa/utils/api.js:62,keep,
/api/geo/org-point-boundary/<pk>/,geo,,,Y,,,,,,,,,,,,,,,,used,,keep,Used per the 2026-09-16 audit cells; not re-confirmed by the 2026-10-08 pattern search (URL built indirectly?).
/api/geo/map-poly-boundary/,geo,,,Y,,,,,Y,Y,,,,,GET/POST/PATCH/DELETE powers the Map Settings boundary editor (2026-09-11) — /home/john/strollopia_git_hub/strollopia-sites/_template/admin.html:5312,,,,,used,data_logger=data_logger/utils/api.js:64; strollopia_sites=strollopia-sites/_template/admin.html:5312; strollopia_pwa=strollopia-pwa/utils/api.js:64,keep,
/api/geo/map-poly-boundary/<pk>/,geo,,,Y,,,,,Y,,,,,,PATCH/DELETE existing boundary — strollopia-sites/_template/admin.html:5676,,,,,used,strollopia_sites=strollopia-sites/_template/admin.html:5676,keep,
/api/geo/map-area/,geo,,,,,,,,,Y,,,NEW router registration (MapAreaAdminViewSet — not in Aug-17 audit at all; MapArea markup shipped 2026-09-04/05/10).,,POST/GET powers the Areas tab's polygon editor — /home/john/strollopia_git_hub/strollopia-sites/_template/admin.html:4882,,,,,used,strollopia_sites=strollopia-sites/_template/admin.html:4867,keep,
/api/geo/map-area/<pk>/,geo,,,,,,,,,Y,,,"NEW, pairs with the list endpoint above.",,PATCH/DELETE an existing area — strollopia-sites/_template/admin.html:5141,,,,,used,strollopia_sites=strollopia-sites/_template/admin.html:5142,keep,
/tiles/<str:org_domain_name>/<int:z>/<int:x>/<int:y>.png,tiles,,,Y,,,,,,Y,,,,,,Same api.js tile-URL builder as data_logger — /home/john/strollopia_git_hub/strollopia-pwa/utils/api.js:93,,,Y,used,data_logger=data_logger/utils/api.js:77; strollopia_pwa=strollopia-pwa/utils/api.js:93; strollopia_api_embed=strollopia-api/app/content/static/content/embed/map_widget.js:1118,keep,
/embed/maps/<int:pk>/,content,,,,,,,,,Y,,Y,"NEW row (not in Aug-17 audit — not under /api/, was missed). Not a DRF endpoint — MapEmbedView, the public iframe-able map widget. Central to strollopia-sites' Map Preview/Map Access share-link features and wysiwyg_editor's embed-code generator.",,iframe src for Map Preview + the 'Copy embed link' share URL — /home/john/strollopia_git_hub/strollopia-sites/_template/admin.html:5230,,Embed-code generator UI — /home/john/strollopia_git_hub/wysiwyg_editor/app/admin/maps/[id]/view/components/embed-code.tsx:46,,,used,strollopia_org_setup=strollopia-org-setup/tools/check_live.py:63; strollopia_sites=strollopia-sites/_template/admin.html:5230,keep,
/api/addresses/geocode/,addresses,,,,,,,,,,,,,,,,,,,no-caller,,stub-keep,"NEW row 2026-10-08; Geocoding service (routing Plan 1, addresses app). Review 2026-10-08: routing plugin backend (HECH technician dispatch, plans 1 + core built 2026-09); dispatcher/technician UI not built yet."
/api/addresses/saved-locations/,addresses,,,,,,,,,,,,,,,,,,,no-caller,,stub-keep,"NEW row 2026-10-08; Geocoding service (routing Plan 1, addresses app). Review 2026-10-08: routing plugin backend (HECH technician dispatch, plans 1 + core built 2026-09); dispatcher/technician UI not built yet."
/api/addresses/saved-locations/<pk>/,addresses,,,,,,,,,,,,,,,,,,,no-caller,,stub-keep,"NEW row 2026-10-08; Geocoding service (routing Plan 1, addresses app). Review 2026-10-08: routing plugin backend (HECH technician dispatch, plans 1 + core built 2026-09); dispatcher/technician UI not built yet."
/api/challenges/,challenges,,,,,,,,,Y,,,,,,,,,,used,strollopia_pwa=strollopia-pwa/utils/api.js:74,keep,NEW row 2026-10-08. Challenges app (RouteChallenge); strollopia-pwa has an integration. Was one summary row before 2026-10-08.
/api/challenges/<pk>/,challenges,,,,,,,,,Y,,,,,,,,,,used,strollopia_pwa=strollopia-pwa/utils/api.js:75,keep,NEW row 2026-10-08. Challenges app (RouteChallenge); strollopia-pwa has an integration. Was one summary row before 2026-10-08.
/api/challenges/<pk>/clone/,challenges,,,,,,,,,Y,,,,,,,,,,used,strollopia_pwa=strollopia-pwa/utils/api.js:87,keep,NEW row 2026-10-08. Challenges app (RouteChallenge); strollopia-pwa has an integration. Was one summary row before 2026-10-08.
/api/challenges/<int:challenge_pk>/progress/,challenges,,,,,,,,,Y,,,,,,,,,,used,strollopia_pwa=strollopia-pwa/utils/api.js:82,keep,NEW row 2026-10-08. Challenges app (RouteChallenge); strollopia-pwa has an integration. Was one summary row before 2026-10-08.
/api/challenges/<pk>/publish/,challenges,,,,,,,,,Y,,,,,,,,,,used,strollopia_pwa=strollopia-pwa/utils/api.js:76,keep,NEW row 2026-10-08. Challenges app (RouteChallenge); strollopia-pwa has an integration. Was one summary row before 2026-10-08.
/api/challenges/<int:challenge_pk>/stops/,challenges,,,,,,,,,Y,,,,,,,,,,used,strollopia_pwa=strollopia-pwa/utils/api.js:77,keep,NEW row 2026-10-08. Challenges app (RouteChallenge); strollopia-pwa has an integration. Was one summary row before 2026-10-08.
/api/challenges/<int:challenge_pk>/stops/<int:pk>/,challenges,,,,,,,,,Y,,,,,,,,,,used,strollopia_pwa=strollopia-pwa/utils/api.js:78,keep,NEW row 2026-10-08. Challenges app (RouteChallenge); strollopia-pwa has an integration. Was one summary row before 2026-10-08.
/api/challenges/<int:challenge_pk>/stops/<int:stop_pk>/activities/,challenges,,,,,,,,,Y,,,,,,,,,,used,strollopia_pwa=strollopia-pwa/utils/api.js:79,keep,NEW row 2026-10-08. Challenges app (RouteChallenge); strollopia-pwa has an integration. Was one summary row before 2026-10-08.
/api/challenges/<int:challenge_pk>/stops/<int:stop_pk>/activities/<int:pk>/,challenges,,,,,,,,,Y,,,,,,,,,,used,strollopia_pwa=strollopia-pwa/utils/api.js:80,keep,NEW row 2026-10-08. Challenges app (RouteChallenge); strollopia-pwa has an integration. Was one summary row before 2026-10-08.
/api/challenges/<pk>/template-detail/,challenges,,,,,,,,,Y,,,,,,,,,,used,strollopia_pwa=strollopia-pwa/utils/api.js:86,keep,NEW row 2026-10-08. Challenges app (RouteChallenge); strollopia-pwa has an integration. Was one summary row before 2026-10-08.
/api/challenges/enrollments/,challenges,,,,,,,,,Y,,,,,,,,,,used,strollopia_pwa=strollopia-pwa/utils/api.js:81,keep,NEW row 2026-10-08. Challenges app (RouteChallenge); strollopia-pwa has an integration. Was one summary row before 2026-10-08.
/api/challenges/me/progress/,challenges,,,,,,,,,Y,,,,,,,,,,used,strollopia_pwa=strollopia-pwa/utils/api.js:84,keep,NEW row 2026-10-08. Challenges app (RouteChallenge); strollopia-pwa has an integration. Was one summary row before 2026-10-08.
/api/challenges/progress/,challenges,,,,,,,,,Y,,,,,,,,,,used,strollopia_pwa=strollopia-pwa/utils/api.js:82,keep,NEW row 2026-10-08. Challenges app (RouteChallenge); strollopia-pwa has an integration. Was one summary row before 2026-10-08.
/api/challenges/templates/,challenges,,,,,,,,,Y,,,,,,,,,,used,strollopia_pwa=strollopia-pwa/utils/api.js:85,keep,NEW row 2026-10-08. Challenges app (RouteChallenge); strollopia-pwa has an integration. Was one summary row before 2026-10-08.
/api/content/,content,,,,,,,,,,,,,,,,,,,framework,,keep,API root / schema / docs (DRF router or drf-spectacular).
/api/core/,core,,,,,,,,,,,,,,,,,,,framework,,keep,API root / schema / docs (DRF router or drf-spectacular).
/api/docs/,docs,,,,,,,,,,,,,,,,,,,framework,,keep,API root / schema / docs (DRF router or drf-spectacular).
/api/geo/,geo,,,,,,,,,,,,,,,,,,,framework,,keep,API root / schema / docs (DRF router or drf-spectacular).
/api/health-check/errors/,health-check,,,,,,,,Y,,,,,,,,,Y,,used,strollopia_sites=strollopia-sites/dashboard/app.js:379; strollopia_monitor=strollopia-monitor/deepcheck/deepcheck/main.py:80,keep,NEW row 2026-10-08. Monitoring (external-monitoring plan 2026-10-04).
/api/health-check/host-history/,health-check,,,,,,,,Y,,,,,,,,,Y,,used,strollopia_sites=strollopia-sites/dashboard/app.js:671; strollopia_monitor=strollopia-monitor/deepcheck/deepcheck/main.py:75,keep,NEW row 2026-10-08. Monitoring (external-monitoring plan 2026-10-04).
/api/health-check/host-stats/,health-check,,,,,,,,Y,,,,,,,,,,,used,strollopia_sites=strollopia-sites/dashboard/app.js:629,keep,NEW row 2026-10-08. Monitoring (external-monitoring plan 2026-10-04).
/api/media/,media,,,,,,,,,,,,,,,,,,,framework,,keep,API root / schema / docs (DRF router or drf-spectacular).
/api/org/,org,,,,,,,,,,,,,,,,,,,framework,,keep,API root / schema / docs (DRF router or drf-spectacular).
/api/poi/,poi,,,,,,,,,,,,,,,,,,,framework,,keep,API root / schema / docs (DRF router or drf-spectacular).
/api/redoc/,redoc,,,,,,,,,,,,,,,,,,,framework,,keep,API root / schema / docs (DRF router or drf-spectacular).
/api/routing/,routing,,,,,,,,,,,,,,,,,,,framework,,keep,API root / schema / docs (DRF router or drf-spectacular).
/api/routing/degradation-rules/,routing,,,,,,,,,,,,,,,,,,,no-caller,,stub-keep,"NEW row 2026-10-08; Routing plugin backend (Plan 1 core built 2026-09; technician/dispatcher UI not built yet). Review 2026-10-08: routing plugin backend (HECH technician dispatch, plans 1 + core built 2026-09); dispatcher/technician UI not built yet."
/api/routing/degradation-rules/<pk>/,routing,,,,,,,,,,,,,,,,,,,no-caller,,stub-keep,"NEW row 2026-10-08; Routing plugin backend (Plan 1 core built 2026-09; technician/dispatcher UI not built yet). Review 2026-10-08: routing plugin backend (HECH technician dispatch, plans 1 + core built 2026-09); dispatcher/technician UI not built yet."
/api/routing/job-import-rejections/,routing,,,,,,,,,,,,,,,,,,,no-caller,,stub-keep,"NEW row 2026-10-08; Routing plugin backend (Plan 1 core built 2026-09; technician/dispatcher UI not built yet). Review 2026-10-08: routing plugin backend (HECH technician dispatch, plans 1 + core built 2026-09); dispatcher/technician UI not built yet."
/api/routing/job-import-rejections/<pk>/,routing,,,,,,,,,,,,,,,,,,,no-caller,,stub-keep,"NEW row 2026-10-08; Routing plugin backend (Plan 1 core built 2026-09; technician/dispatcher UI not built yet). Review 2026-10-08: routing plugin backend (HECH technician dispatch, plans 1 + core built 2026-09); dispatcher/technician UI not built yet."
/api/routing/job-import-rejections/<pk>/dismiss/,routing,,,,,,,,,,,,,,,,,,,no-caller,,stub-keep,"NEW row 2026-10-08; Routing plugin backend (Plan 1 core built 2026-09; technician/dispatcher UI not built yet). Review 2026-10-08: routing plugin backend (HECH technician dispatch, plans 1 + core built 2026-09); dispatcher/technician UI not built yet."
/api/routing/job-imports/,routing,,,,,,,,,,,,,,,,,,,no-caller,,stub-keep,"NEW row 2026-10-08; Routing plugin backend (Plan 1 core built 2026-09; technician/dispatcher UI not built yet). Review 2026-10-08: routing plugin backend (HECH technician dispatch, plans 1 + core built 2026-09); dispatcher/technician UI not built yet."
/api/routing/job-imports/<pk>/,routing,,,,,,,,,,,,,,,,,,,no-caller,,stub-keep,"NEW row 2026-10-08; Routing plugin backend (Plan 1 core built 2026-09; technician/dispatcher UI not built yet). Review 2026-10-08: routing plugin backend (HECH technician dispatch, plans 1 + core built 2026-09); dispatcher/technician UI not built yet."
/api/routing/job-notices/,routing,,,,,,,,,,,,,,,,,,,no-caller,,stub-keep,"NEW row 2026-10-08; Routing plugin backend (Plan 1 core built 2026-09; technician/dispatcher UI not built yet). Review 2026-10-08: routing plugin backend (HECH technician dispatch, plans 1 + core built 2026-09); dispatcher/technician UI not built yet."
/api/routing/job-notices/<pk>/,routing,,,,,,,,,,,,,,,,,,,no-caller,,stub-keep,"NEW row 2026-10-08; Routing plugin backend (Plan 1 core built 2026-09; technician/dispatcher UI not built yet). Review 2026-10-08: routing plugin backend (HECH technician dispatch, plans 1 + core built 2026-09); dispatcher/technician UI not built yet."
/api/routing/job-notices/<pk>/resolve/,routing,,,,,,,,,,,,,,,,,,,no-caller,,stub-keep,"NEW row 2026-10-08; Routing plugin backend (Plan 1 core built 2026-09; technician/dispatcher UI not built yet). Review 2026-10-08: routing plugin backend (HECH technician dispatch, plans 1 + core built 2026-09); dispatcher/technician UI not built yet."
/api/routing/jobs/,routing,,,,,,,,,,,,,,,,,,,no-caller,,stub-keep,"NEW row 2026-10-08; Routing plugin backend (Plan 1 core built 2026-09; technician/dispatcher UI not built yet). Review 2026-10-08: routing plugin backend (HECH technician dispatch, plans 1 + core built 2026-09); dispatcher/technician UI not built yet."
/api/routing/jobs/<pk>/,routing,,,,,,,,,,,,,,,,,,,no-caller,,stub-keep,"NEW row 2026-10-08; Routing plugin backend (Plan 1 core built 2026-09; technician/dispatcher UI not built yet). Review 2026-10-08: routing plugin backend (HECH technician dispatch, plans 1 + core built 2026-09); dispatcher/technician UI not built yet."
/api/routing/jobs/<pk>/acknowledge/,routing,,,,,,,,,,,,,,,,,,,no-caller,,stub-keep,"NEW row 2026-10-08; Routing plugin backend (Plan 1 core built 2026-09; technician/dispatcher UI not built yet). Review 2026-10-08: routing plugin backend (HECH technician dispatch, plans 1 + core built 2026-09); dispatcher/technician UI not built yet."
/api/routing/jobs/<pk>/cancel/,routing,,,,,,,,,,,,,,,,,,,no-caller,,stub-keep,"NEW row 2026-10-08; Routing plugin backend (Plan 1 core built 2026-09; technician/dispatcher UI not built yet). Review 2026-10-08: routing plugin backend (HECH technician dispatch, plans 1 + core built 2026-09); dispatcher/technician UI not built yet."
/api/routing/jobs/<pk>/complete/,routing,,,,,,,,,,,,,,,,,,,no-caller,,stub-keep,"NEW row 2026-10-08; Routing plugin backend (Plan 1 core built 2026-09; technician/dispatcher UI not built yet). Review 2026-10-08: routing plugin backend (HECH technician dispatch, plans 1 + core built 2026-09); dispatcher/technician UI not built yet."
/api/routing/jobs/<pk>/flag/,routing,,,,,,,,,,,,,,,,,,,no-caller,,stub-keep,"NEW row 2026-10-08; Routing plugin backend (Plan 1 core built 2026-09; technician/dispatcher UI not built yet). Review 2026-10-08: routing plugin backend (HECH technician dispatch, plans 1 + core built 2026-09); dispatcher/technician UI not built yet."
/api/routing/jobs/<pk>/note/,routing,,,,,,,,,,,,,,,,,,,no-caller,,stub-keep,"NEW row 2026-10-08; Routing plugin backend (Plan 1 core built 2026-09; technician/dispatcher UI not built yet). Review 2026-10-08: routing plugin backend (HECH technician dispatch, plans 1 + core built 2026-09); dispatcher/technician UI not built yet."
/api/routing/jobs/<pk>/reopen/,routing,,,,,,,,,,,,,,,,,,,no-caller,,stub-keep,"NEW row 2026-10-08; Routing plugin backend (Plan 1 core built 2026-09; technician/dispatcher UI not built yet). Review 2026-10-08: routing plugin backend (HECH technician dispatch, plans 1 + core built 2026-09); dispatcher/technician UI not built yet."
/api/routing/jobs/<pk>/set-location/,routing,,,,,,,,,,,,,,,,,,,no-caller,,stub-keep,"NEW row 2026-10-08; Routing plugin backend (Plan 1 core built 2026-09; technician/dispatcher UI not built yet). Review 2026-10-08: routing plugin backend (HECH technician dispatch, plans 1 + core built 2026-09); dispatcher/technician UI not built yet."
/api/routing/jobs/<pk>/start/,routing,,,,,,,,,,,,,,,,,,,no-caller,,stub-keep,"NEW row 2026-10-08; Routing plugin backend (Plan 1 core built 2026-09; technician/dispatcher UI not built yet). Review 2026-10-08: routing plugin backend (HECH technician dispatch, plans 1 + core built 2026-09); dispatcher/technician UI not built yet."
/api/routing/me/,routing,,,,,,,,,,,,,,,,,,,no-caller,,stub-keep,"NEW row 2026-10-08; Routing plugin backend (Plan 1 core built 2026-09; technician/dispatcher UI not built yet). Review 2026-10-08: routing plugin backend (HECH technician dispatch, plans 1 + core built 2026-09); dispatcher/technician UI not built yet."
/api/routing/my-day/,routing,,,,,,,,,,,,,,,,,,,no-caller,,stub-keep,"NEW row 2026-10-08; Routing plugin backend (Plan 1 core built 2026-09; technician/dispatcher UI not built yet). Review 2026-10-08: routing plugin backend (HECH technician dispatch, plans 1 + core built 2026-09); dispatcher/technician UI not built yet."
/api/routing/plan-runs/,routing,,,,,,,,,,,,,,,,,,,no-caller,,stub-keep,"NEW row 2026-10-08; Routing plugin backend (Plan 1 core built 2026-09; technician/dispatcher UI not built yet). Review 2026-10-08: routing plugin backend (HECH technician dispatch, plans 1 + core built 2026-09); dispatcher/technician UI not built yet."
/api/routing/plan-runs/<pk>/,routing,,,,,,,,,,,,,,,,,,,no-caller,,stub-keep,"NEW row 2026-10-08; Routing plugin backend (Plan 1 core built 2026-09; technician/dispatcher UI not built yet). Review 2026-10-08: routing plugin backend (HECH technician dispatch, plans 1 + core built 2026-09); dispatcher/technician UI not built yet."
/api/routing/plan-runs/<pk>/publish/,routing,,,,,,,,,,,,,,,,,,,no-caller,,stub-keep,"NEW row 2026-10-08; Routing plugin backend (Plan 1 core built 2026-09; technician/dispatcher UI not built yet). Review 2026-10-08: routing plugin backend (HECH technician dispatch, plans 1 + core built 2026-09); dispatcher/technician UI not built yet."
/api/routing/settings/,routing,,,,,,,,,,,,,,,,,,,no-caller,,stub-keep,"NEW row 2026-10-08; Routing plugin backend (Plan 1 core built 2026-09; technician/dispatcher UI not built yet). Review 2026-10-08: routing plugin backend (HECH technician dispatch, plans 1 + core built 2026-09); dispatcher/technician UI not built yet."
/api/routing/skills/,routing,,,,,,,,,,,,,,,,,,,no-caller,,stub-keep,"NEW row 2026-10-08; Routing plugin backend (Plan 1 core built 2026-09; technician/dispatcher UI not built yet). Review 2026-10-08: routing plugin backend (HECH technician dispatch, plans 1 + core built 2026-09); dispatcher/technician UI not built yet."
/api/routing/skills/<pk>/,routing,,,,,,,,,,,,,,,,,,,no-caller,,stub-keep,"NEW row 2026-10-08; Routing plugin backend (Plan 1 core built 2026-09; technician/dispatcher UI not built yet). Review 2026-10-08: routing plugin backend (HECH technician dispatch, plans 1 + core built 2026-09); dispatcher/technician UI not built yet."
/api/routing/technician-days/,routing,,,,,,,,,,,,,,,,,,,no-caller,,stub-keep,"NEW row 2026-10-08; Routing plugin backend (Plan 1 core built 2026-09; technician/dispatcher UI not built yet). Review 2026-10-08: routing plugin backend (HECH technician dispatch, plans 1 + core built 2026-09); dispatcher/technician UI not built yet."
/api/routing/technician-days/<pk>/,routing,,,,,,,,,,,,,,,,,,,no-caller,,stub-keep,"NEW row 2026-10-08; Routing plugin backend (Plan 1 core built 2026-09; technician/dispatcher UI not built yet). Review 2026-10-08: routing plugin backend (HECH technician dispatch, plans 1 + core built 2026-09); dispatcher/technician UI not built yet."
/api/routing/technician-imports/,routing,,,,,,,,,,,,,,,,,,,no-caller,,stub-keep,"NEW row 2026-10-08; Routing plugin backend (Plan 1 core built 2026-09; technician/dispatcher UI not built yet). Review 2026-10-08: routing plugin backend (HECH technician dispatch, plans 1 + core built 2026-09); dispatcher/technician UI not built yet."
/api/routing/technicians/,routing,,,,,,,,,,,,,,,,,,,no-caller,,stub-keep,"NEW row 2026-10-08; Routing plugin backend (Plan 1 core built 2026-09; technician/dispatcher UI not built yet). Review 2026-10-08: routing plugin backend (HECH technician dispatch, plans 1 + core built 2026-09); dispatcher/technician UI not built yet."
/api/routing/technicians/<pk>/,routing,,,,,,,,,,,,,,,,,,,no-caller,,stub-keep,"NEW row 2026-10-08; Routing plugin backend (Plan 1 core built 2026-09; technician/dispatcher UI not built yet). Review 2026-10-08: routing plugin backend (HECH technician dispatch, plans 1 + core built 2026-09); dispatcher/technician UI not built yet."
/api/schema/,schema,,,,,,,,,,,,,,,,,,,framework,,keep,API root / schema / docs (DRF router or drf-spectacular).
/api/ui_support/,ui_support,,,,,,,,,,,,,,,,,,,framework,,keep,API root / schema / docs (DRF router or drf-spectacular).
